log_id,user_id,resource_id,action,timestamp,source_ip,region,off_hours_access,new_geography,privilege_escalation,anomalous_flag,mfa_used,request_status
log-88f4ca8e,user-1c40ab,res-49ac50f94d,AssumeRole,2026-03-12T15:01:58Z,199.95.226.76,us-east-1,False,False,True,True,False,Success
log-8e6731c2,user-bf9019,res-4648429bd3,DeleteUser,2026-02-28T15:01:58Z,42.88.170.67,eastus,True,False,False,True,True,Success
log-597f0739,user-d8dfeb,res-03811a9427,DeleteObject,2026-03-04T15:01:58Z,12.229.213.110,ap-southeast-1,False,False,False,False,True,Success
log-859c7280,user-054659,res-949db16690,PutBucketPolicy,2026-03-15T15:01:58Z,18.105.173.54,eastus,True,False,False,True,True,Success
log-4b6e24b8,user-b161d2,res-d34d65828e,DeleteObject,2026-03-15T15:01:58Z,130.243.26.105,us-east-1,False,False,False,False,False,Success
log-8bbd0050,user-b43e56,res-9d349136e8,CreateUser,2026-03-03T15:01:58Z,15.171.189.200,eu-west-1,False,False,True,True,True,Success
log-e8bb0c93,user-a059aa,res-996ad334d4,AttachRolePolicy,2026-02-19T15:01:58Z,122.102.214.191,us-east-1,False,False,True,True,False,Success
log-03c10976,user-3a9168,res-03811a9427,CreateUser,2026-02-19T15:01:58Z,81.98.164.106,eastus,False,False,True,True,True,Success
log-b665c5e4,user-3fea88,res-054f04e722,DeleteUser,2026-02-27T15:01:58Z,41.223.39.151,us-east-1,False,False,False,False,True,Success
log-6cd028a4,user-2d1347,res-5ab86edc27,TerminateInstance,2026-03-16T15:01:58Z,104.66.233.187,eu-west-1,False,False,False,False,True,Success
log-07a21d03,user-b1f862,res-427a6265ad,DeleteObject,2026-03-06T15:01:58Z,20.237.189.167,eastus,True,False,False,True,True,Success
log-acf50d61,user-4e7d39,res-cc6a663d69,CreateUser,2026-03-16T15:01:58Z,41.190.58.74,ap-southeast-1,True,False,True,True,False,Success
log-53327c14,user-50a2af,res-48ca5aa114,GetObject,2026-03-10T15:01:58Z,214.217.4.54,eu-west-1,True,False,False,True,True,Denied
log-41b44936,user-1344f3,res-11af606e21,DetachRolePolicy,2026-02-24T15:01:58Z,251.136.94.174,eastus,False,True,False,True,True,Success
log-b6b587f4,user-ab0c8f,res-39252dca50,AttachRolePolicy,2026-03-21T15:01:58Z,227.9.110.207,us-east-1,True,False,True,True,True,Success
log-8e74a0bc,user-054659,res-ff00e9db79,GetObject,2026-02-21T15:01:58Z,241.16.149.150,eu-west-1,False,False,False,False,True,Success
log-e35131ee,user-b159ab,res-a2d4262f33,ModifySecurityGroup,2026-02-20T15:01:58Z,58.57.225.41,ap-southeast-1,False,False,False,False,False,Success
log-3e4ac1ef,user-c70c7e,res-63e8a8f8da,GetObject,2026-03-04T15:01:58Z,9.203.166.67,us-east-1,False,False,False,False,True,Success
log-98ba6b02,user-1344f3,res-c8c4152a93,TerminateInstance,2026-03-04T15:01:58Z,155.112.115.33,eastus,False,False,False,False,False,Denied
log-2349eba5,user-4e7d39,res-a2d4262f33,AttachRolePolicy,2026-02-22T15:01:58Z,147.60.198.57,ap-southeast-1,True,False,True,True,True,Success
log-ad2bb498,user-8c9db0,res-fb6c156d19,TerminateInstance,2026-03-08T15:01:58Z,111.214.231.102,ap-southeast-1,True,False,False,True,False,Success
log-3291272f,user-b1f862,res-e068dbf3f8,PutBucketPolicy,2026-03-12T15:01:58Z,151.250.135.160,ap-southeast-1,False,False,False,False,True,Success
log-78c307a0,user-262808,res-597bf029d3,CreateUser,2026-03-12T15:01:58Z,127.186.211.217,us-east-1,True,False,True,True,True,Success
log-96281a16,user-7ecee6,res-c73378f9a0,PutObject,2026-03-03T15:01:58Z,43.95.39.232,ap-southeast-1,True,False,False,True,False,Denied
log-a04fbaae,user-054659,res-9f192dde88,DetachRolePolicy,2026-03-20T15:01:58Z,147.17.115.45,eu-west-1,False,False,False,False,True,Success
log-ac5a8b59,user-73a75c,res-e2ffad8b74,GetObject,2026-02-19T15:01:58Z,18.20.78.208,ap-southeast-1,True,False,False,True,False,Success
log-29992ee6,user-b161d2,res-b418bdd23c,PutObject,2026-03-02T15:01:58Z,87.145.168.204,us-east-1,True,False,False,True,True,Success
log-42566d8e,user-262808,res-e068dbf3f8,ShareSnapshot,2026-03-04T15:01:58Z,54.99.125.50,eu-west-1,False,False,False,False,True,Success
log-22a08946,user-b43e56,res-a6fbe0b91f,DetachRolePolicy,2026-03-08T15:01:58Z,138.13.177.145,eu-west-1,True,True,False,True,True,Success
log-1ff79269,user-5548f9,res-c44ae8a303,ShareSnapshot,2026-03-13T15:01:58Z,149.29.227.200,ap-southeast-1,True,False,False,True,False,Success
log-cbe92ab7,user-b43e56,res-c8c4152a93,DetachRolePolicy,2026-03-02T15:01:58Z,31.73.124.248,eastus,True,False,False,True,True,Success
log-eaaae6d5,user-b159ab,res-f0555b5067,DetachRolePolicy,2026-03-10T15:01:58Z,233.7.196.47,ap-southeast-1,False,False,False,False,True,Success
log-d6f75371,user-054659,res-092eb9085f,AssumeRole,2026-03-02T15:01:58Z,47.202.228.20,eu-west-1,True,False,True,True,True,Success
log-679ef0b3,user-1344f3,res-c7b5585543,DeleteObject,2026-02-19T15:01:58Z,71.242.163.39,eastus,False,False,False,False,True,Success
log-bbbd19af,user-054659,res-9ecc8c3895,CreateSnapshot,2026-03-21T15:01:58Z,115.117.13.2,eu-west-1,False,False,False,False,True,Denied
log-6fb054ab,user-054659,res-c44ae8a303,AssumeRole,2026-02-22T15:01:58Z,49.85.54.17,ap-southeast-1,True,False,True,True,True,Denied
log-ccc20c44,user-b161d2,res-af3191324d,AssumeRole,2026-03-18T15:01:58Z,198.71.51.149,us-east-1,False,False,True,True,True,Success
log-0e8748c8,user-ab0c8f,res-b25d06f105,TerminateInstance,2026-03-07T15:01:58Z,119.71.133.120,eu-west-1,False,False,False,False,True,Success
log-c26f1cbd,user-3a9168,res-d1c7394082,DeleteObject,2026-03-19T15:01:58Z,182.130.164.180,us-east-1,False,False,False,False,True,Success
log-551a7576,user-a059aa,res-719c69e0b0,ShareSnapshot,2026-03-04T15:01:58Z,111.252.195.213,eu-west-1,False,False,False,False,False,Denied
log-c0d5a22d,user-8c9db0,res-137824f6dd,DetachRolePolicy,2026-03-03T15:01:58Z,25.183.29.43,ap-southeast-1,False,False,False,False,True,Success
log-338f471d,user-fecc59,res-72e9889713,ModifySecurityGroup,2026-03-20T15:01:58Z,129.183.98.213,eu-west-1,False,False,False,False,False,Success
log-3e211f6d,user-855998,res-bf77187a25,ShareSnapshot,2026-03-06T15:01:58Z,45.9.136.102,eastus,True,False,False,True,True,Success
log-7602fe0d,user-b1f862,res-9b460311aa,ModifySecurityGroup,2026-02-20T15:01:58Z,164.163.191.21,eastus,False,False,False,False,True,Success
log-61d5ae87,user-b1f862,res-86cf2d1dc4,GetObject,2026-02-25T15:01:58Z,91.207.86.194,ap-southeast-1,True,False,False,True,True,Success
log-d07975a7,user-73a75c,res-c2d94bc4fa,ShareSnapshot,2026-03-13T15:01:58Z,24.86.83.63,ap-southeast-1,True,False,False,True,True,Success
log-2ca67667,user-b1f862,res-acdd50874d,GetObject,2026-02-24T15:01:58Z,168.213.201.44,eastus,True,False,False,True,True,Success
log-ab9fb14d,user-a059aa,res-ca3d4ec0cd,TerminateInstance,2026-02-21T15:01:58Z,14.184.220.50,eu-west-1,False,False,False,False,True,Success
log-84bf90ff,user-877ecd,res-e8e6f9948e,GetObject,2026-02-27T15:01:58Z,13.43.112.63,ap-southeast-1,False,False,False,False,False,Success
log-41cc6bef,user-b1f862,res-ed6954835e,DeleteObject,2026-03-12T15:01:58Z,244.113.195.219,us-east-1,False,True,False,True,True,Success
log-8ad572e2,user-a059aa,res-9750ddd10a,DeleteObject,2026-03-07T15:01:58Z,83.204.143.103,us-east-1,False,False,False,False,False,Success
log-cf52d2ed,user-96f1c4,res-245355a4b4,DeleteUser,2026-03-08T15:01:58Z,56.181.5.4,ap-southeast-1,True,False,False,True,True,Success
log-9e2b512d,user-2d1347,res-39252dca50,PutObject,2026-03-07T15:01:58Z,220.114.56.53,eu-west-1,False,False,False,False,False,Success
log-b3504862,user-877ecd,res-f3d89cf04e,ModifySecurityGroup,2026-03-12T15:01:58Z,112.153.70.241,eu-west-1,False,True,False,True,False,Success
log-b0944812,user-2d1347,res-c05cb61119,PutObject,2026-02-20T15:01:58Z,46.237.240.169,eastus,True,False,False,True,True,Success
log-52027a30,user-855998,res-4c4bb0a48f,GetObject,2026-03-08T15:01:58Z,65.149.92.160,us-east-1,False,False,False,False,False,Denied
log-d7438c2d,user-5548f9,res-8e6abe0bff,DeleteUser,2026-03-11T15:01:58Z,141.225.10.23,eastus,False,False,False,False,True,Success
log-daf0c06a,user-b1f862,res-d22cf6398a,CreateSnapshot,2026-03-16T15:01:58Z,74.112.227.79,ap-southeast-1,True,False,False,True,False,Success
log-2ca1361b,user-4e7d39,res-137824f6dd,DescribeInstances,2026-03-13T15:01:58Z,86.100.199.147,ap-southeast-1,False,False,False,False,True,Success
log-f983d3e4,user-a059aa,res-0693881731,AssumeRole,2026-02-22T15:01:58Z,95.115.193.216,eu-west-1,False,False,True,True,True,Success
log-b2a5763c,user-2d1347,res-d3799f0227,DeleteUser,2026-03-16T15:01:58Z,188.136.32.168,us-east-1,False,False,False,False,False,Success
log-92a1fa09,user-bf9019,res-2493f52775,AttachRolePolicy,2026-02-22T15:01:58Z,81.246.137.45,us-east-1,False,False,True,True,True,Success
log-7fef8222,user-bf9019,res-ff00e9db79,DetachRolePolicy,2026-03-02T15:01:58Z,9.112.244.137,us-east-1,True,False,False,True,True,Success
log-041389b9,user-fecc59,res-bc43a43632,TerminateInstance,2026-03-01T15:01:58Z,25.150.113.117,ap-southeast-1,False,False,False,False,True,Success
log-6525aa80,user-8203f0,res-1fb6c86fa4,CreateUser,2026-03-19T15:01:58Z,216.179.212.66,eastus,False,False,True,True,False,Success
log-ff205240,user-054659,res-37420626e5,ShareSnapshot,2026-03-14T15:01:58Z,208.34.188.169,ap-southeast-1,False,False,False,False,False,Success
log-be296885,user-b161d2,res-b25d06f105,CreateSnapshot,2026-03-02T15:01:58Z,16.76.231.122,eu-west-1,False,True,False,True,True,Success
log-2dccc969,user-8c9db0,res-b25d06f105,ModifySecurityGroup,2026-03-11T15:01:58Z,167.197.10.75,eu-west-1,True,False,False,True,True,Success
log-bf8e8f2d,user-855998,res-e6c78dd1d4,AssumeRole,2026-02-21T15:01:58Z,64.227.136.235,eastus,True,False,True,True,True,Success
log-f9255028,user-a059aa,res-90e4af06e4,DeleteUser,2026-03-01T15:01:58Z,6.207.241.180,us-east-1,False,False,False,False,True,Success
log-ffa56931,user-1344f3,res-a2d4262f33,CreateUser,2026-03-08T15:01:58Z,165.143.41.158,us-east-1,False,False,True,True,False,Success
log-1a38ac4d,user-877ecd,res-641e724298,CreateUser,2026-03-11T15:01:58Z,85.23.198.121,eu-west-1,False,False,True,True,True,Success
log-2515ad4c,user-7ecee6,res-137824f6dd,CreateSnapshot,2026-03-05T15:01:58Z,218.246.204.7,ap-southeast-1,False,False,False,False,False,Success
log-9716e9c9,user-3a9168,res-0d6a0ef68f,TerminateInstance,2026-02-28T15:01:58Z,36.71.60.178,eastus,False,False,False,False,True,Success
log-1e1ca6e8,user-50a2af,res-39252dca50,ShareSnapshot,2026-02-27T15:01:58Z,103.226.15.105,eastus,True,False,False,True,True,Success
log-bc35e0f8,user-8c9db0,res-8e6abe0bff,CreateUser,2026-02-25T15:01:58Z,247.7.242.50,eu-west-1,True,False,True,True,False,Success
log-13db6f28,user-3fea88,res-9339bd1b32,PutBucketPolicy,2026-03-03T15:01:58Z,126.61.78.108,ap-southeast-1,False,False,False,False,False,Success
log-1a57c782,user-8c9db0,res-48ca5aa114,DeleteUser,2026-03-19T15:01:58Z,237.3.216.211,ap-southeast-1,False,False,False,False,True,Success
log-609acf9b,user-72a049,res-ba7aa52644,DeleteObject,2026-03-21T15:01:58Z,152.120.44.173,eu-west-1,False,False,False,False,False,Success
log-3b8a5309,user-877ecd,res-7f6b94c2d3,CreateSnapshot,2026-03-21T15:01:58Z,199.214.230.7,eastus,True,False,False,True,True,Success
log-0d50ea09,user-bf9019,res-43f3036f82,DeleteUser,2026-03-15T15:01:58Z,156.83.139.60,ap-southeast-1,True,False,False,True,True,Success
log-ee1b622d,user-ab0c8f,res-5a7b3f320c,DeleteObject,2026-02-24T15:01:58Z,190.38.238.186,us-east-1,False,False,False,False,True,Success
log-75bad386,user-b43e56,res-2ba0bbb241,CreateUser,2026-03-01T15:01:58Z,70.113.58.88,us-east-1,False,False,True,True,True,Success
log-7d751657,user-2d1347,res-08dd96d887,DetachRolePolicy,2026-02-20T15:01:58Z,231.47.168.1,eu-west-1,True,False,False,True,False,Success
log-3246aa64,user-1c40ab,res-19d97e4ddf,GetObject,2026-02-20T15:01:58Z,106.152.21.115,us-east-1,False,False,False,False,True,Success
log-982bcd13,user-50a2af,res-e6c78dd1d4,AttachRolePolicy,2026-03-01T15:01:58Z,103.76.84.154,eastus,True,False,True,True,True,Success
log-97846aab,user-8c9db0,res-9951b62786,TerminateInstance,2026-03-12T15:01:58Z,243.15.9.118,eu-west-1,False,False,False,False,True,Success
log-363fdc63,user-bf9019,res-fb6c156d19,DeleteObject,2026-03-01T15:01:58Z,71.45.38.108,us-east-1,False,False,False,False,True,Success
log-153f6522,user-1c40ab,res-1c711cc423,DetachRolePolicy,2026-02-21T15:01:58Z,44.241.207.101,eu-west-1,False,False,False,False,True,Success
log-88ff0097,user-d8dfeb,res-8981e482f7,DescribeInstances,2026-03-02T15:01:58Z,163.89.215.50,ap-southeast-1,True,False,False,True,True,Success
log-672b821b,user-5548f9,res-acdd50874d,CreateUser,2026-03-01T15:01:58Z,65.171.248.231,us-east-1,False,False,True,True,True,Success
log-1281c1ee,user-1344f3,res-9951b62786,ShareSnapshot,2026-02-28T15:01:58Z,42.191.110.105,us-east-1,False,False,False,False,True,Denied
log-0c71fe3d,user-d8dfeb,res-d8b1042c8e,DeleteUser,2026-03-10T15:01:58Z,142.136.231.104,us-east-1,False,True,False,True,True,Success
log-2a6c90a8,user-8c9db0,res-092eb9085f,GetObject,2026-03-17T15:01:58Z,82.68.157.11,ap-southeast-1,False,False,False,False,True,Success
log-583cd67e,user-855998,res-955402ca9e,AttachRolePolicy,2026-02-25T15:01:58Z,209.225.188.200,ap-southeast-1,True,False,True,True,True,Denied
log-7cadd4e4,user-3a9168,res-c7b5585543,TerminateInstance,2026-02-27T15:01:58Z,231.75.60.91,eastus,False,False,False,False,False,Success
log-30b4caf6,user-b161d2,res-f1fd88bede,CreateSnapshot,2026-03-09T15:01:58Z,51.65.118.110,us-east-1,False,False,False,False,True,Success
log-455c9dcf,user-3fea88,res-fb3718cc6c,DetachRolePolicy,2026-03-05T15:01:58Z,19.66.190.149,ap-southeast-1,False,False,False,False,True,Success
log-5627629a,user-b43e56,res-1711ed7197,DeleteObject,2026-03-17T15:01:58Z,66.95.198.48,eu-west-1,True,True,False,True,False,Success
log-f387fc3a,user-d8dfeb,res-af3191324d,CreateUser,2026-03-08T15:01:58Z,117.208.90.49,ap-southeast-1,False,True,True,True,True,Denied
log-11969d63,user-b43e56,res-7f6b94c2d3,PutBucketPolicy,2026-02-23T15:01:58Z,189.126.110.83,eastus,True,False,False,True,False,Success
log-f8d752bf,user-262808,res-054f04e722,CreateSnapshot,2026-03-06T15:01:58Z,96.222.6.78,us-east-1,False,False,False,False,True,Success
log-d1753a08,user-ab0c8f,res-9d349136e8,TerminateInstance,2026-02-24T15:01:58Z,209.126.48.84,eu-west-1,False,False,False,False,True,Success
log-f10896c0,user-8c9db0,res-7f6b94c2d3,PutObject,2026-03-17T15:01:58Z,8.2.34.75,ap-southeast-1,True,False,False,True,True,Denied
log-ada52182,user-b75736,res-4476523a00,CreateUser,2026-03-17T15:01:58Z,242.34.156.190,eu-west-1,False,False,True,True,False,Denied
log-3b5af51a,user-1344f3,res-fb6c156d19,PutObject,2026-03-15T15:01:58Z,53.253.164.39,eastus,False,False,False,False,True,Success
log-2b11b23d,user-50a2af,res-5b767a6834,PutBucketPolicy,2026-03-11T15:01:58Z,41.69.151.233,us-east-1,False,False,False,False,True,Denied
log-8a6adfdf,user-877ecd,res-07bfab7864,GetObject,2026-03-05T15:01:58Z,213.118.15.146,eastus,True,False,False,True,False,Success
log-0973407c,user-5548f9,res-4422b36199,DetachRolePolicy,2026-02-19T15:01:58Z,159.205.64.235,us-east-1,False,False,False,False,True,Denied
log-f2691b66,user-8203f0,res-1424bada8a,DeleteObject,2026-02-21T15:01:58Z,169.186.125.161,us-east-1,True,True,False,True,True,Success
log-58141c86,user-1c40ab,res-3f29e3e5e1,CreateUser,2026-03-03T15:01:58Z,40.148.3.80,eu-west-1,False,False,True,True,False,Success
log-292e341c,user-2d1347,res-777b4eac0c,CreateSnapshot,2026-03-16T15:01:58Z,19.99.246.170,ap-southeast-1,False,False,False,False,False,Success
log-06d98da4,user-ab0c8f,res-0cec1ae9ba,DeleteUser,2026-03-06T15:01:58Z,19.254.179.16,eu-west-1,False,False,False,False,True,Success
log-3533d16c,user-8c9db0,res-e5c631d620,DeleteObject,2026-02-19T15:01:58Z,86.36.101.133,eastus,True,False,False,True,True,Success
log-983abde4,user-73a75c,res-d22cf6398a,CreateSnapshot,2026-03-16T15:01:58Z,80.140.229.74,us-east-1,False,False,False,False,False,Success
log-d61ddde9,user-a059aa,res-bccdd80bb0,CreateSnapshot,2026-02-19T15:01:58Z,33.115.161.253,us-east-1,False,False,False,False,False,Denied
log-681401dd,user-b75736,res-e504f66772,CreateUser,2026-03-11T15:01:58Z,156.36.241.162,us-east-1,True,False,True,True,False,Success
log-fb238e5d,user-3a9168,res-ff00e9db79,AssumeRole,2026-03-19T15:01:58Z,247.85.177.21,ap-southeast-1,False,False,True,True,True,Success
log-63778eae,user-2d1347,res-27b61e76ab,DetachRolePolicy,2026-02-23T15:01:58Z,91.0.176.89,us-east-1,True,False,False,True,False,Success
log-41f6936e,user-bf9019,res-03811a9427,ModifySecurityGroup,2026-03-13T15:01:58Z,101.187.127.155,us-east-1,False,False,False,False,False,Success
log-a446974f,user-4e7d39,res-19d97e4ddf,GetObject,2026-03-20T15:01:58Z,63.6.159.82,ap-southeast-1,False,True,False,True,True,Success
log-9f53fa49,user-a059aa,res-c9776b438f,DescribeInstances,2026-03-02T15:01:58Z,46.41.12.175,eu-west-1,False,False,False,False,True,Success
log-252549d3,user-b1f862,res-d7576858e1,CreateSnapshot,2026-02-26T15:01:58Z,96.204.142.161,us-east-1,True,False,False,True,True,Success
log-26bc593b,user-a059aa,res-07bfab7864,CreateUser,2026-03-11T15:01:58Z,87.46.195.73,eastus,True,False,True,True,False,Success
log-e39c9c64,user-73a75c,res-1c711cc423,DescribeInstances,2026-03-11T15:01:58Z,52.28.97.155,eastus,True,False,False,True,True,Denied
log-00fae843,user-262808,res-641e724298,GetObject,2026-02-25T15:01:58Z,130.247.21.153,eu-west-1,False,False,False,False,True,Success
log-687bd5e8,user-1c40ab,res-7f6b94c2d3,CreateSnapshot,2026-03-02T15:01:58Z,186.144.113.21,us-east-1,True,False,False,True,True,Denied
log-f8a598cf,user-d8dfeb,res-37420626e5,CreateUser,2026-03-18T15:01:58Z,71.173.24.88,eu-west-1,True,False,True,True,False,Success
log-993cf38b,user-7ecee6,res-777b4eac0c,PutObject,2026-03-02T15:01:58Z,76.232.81.38,us-east-1,False,False,False,False,True,Success
log-8c109f60,user-4e7d39,res-e5beb055c8,GetObject,2026-03-06T15:01:58Z,94.142.151.123,us-east-1,False,False,False,False,False,Success
log-a8e68bce,user-7ecee6,res-08dd96d887,DeleteObject,2026-02-20T15:01:58Z,21.227.32.75,eastus,False,False,False,False,False,Success
log-bcd95ce4,user-72a049,res-5534d73b23,CreateSnapshot,2026-03-14T15:01:58Z,225.248.198.105,eu-west-1,False,False,False,False,False,Success
log-45eb33ea,user-bf9019,res-963b91561a,ShareSnapshot,2026-03-03T15:01:58Z,94.118.6.36,eastus,False,False,False,False,True,Success
log-4857a633,user-a059aa,res-d1c7394082,AssumeRole,2026-03-06T15:01:58Z,2.110.198.133,eastus,False,False,True,True,True,Denied
log-f931ddf0,user-ab0c8f,res-4f5380106a,DescribeInstances,2026-03-20T15:01:58Z,112.4.189.12,eu-west-1,False,False,False,False,False,Denied
log-91ee56af,user-e5ac1e,res-9983a2c0b5,PutBucketPolicy,2026-03-08T15:01:58Z,160.61.5.221,eu-west-1,False,False,False,False,True,Success
log-879100b6,user-b1f862,res-b418bdd23c,ShareSnapshot,2026-02-26T15:01:58Z,37.186.69.6,ap-southeast-1,False,False,False,False,True,Success
log-c3e4af98,user-8c9db0,res-b25f8e4578,ShareSnapshot,2026-03-10T15:01:58Z,153.187.118.220,us-east-1,False,False,False,False,True,Success
log-a146f1a3,user-8203f0,res-e8e6f9948e,GetObject,2026-03-02T15:01:58Z,12.68.237.90,eastus,False,False,False,False,False,Success
log-adc91797,user-2d1347,res-a5a1c789e4,PutBucketPolicy,2026-03-03T15:01:58Z,74.144.146.237,ap-southeast-1,True,True,False,True,True,Success
log-28f3c44f,user-50a2af,res-8981e482f7,PutBucketPolicy,2026-03-04T15:01:58Z,153.199.178.162,ap-southeast-1,True,False,False,True,True,Success
log-6136504e,user-96f1c4,res-37c7fb39ed,ShareSnapshot,2026-03-11T15:01:58Z,41.85.189.39,us-east-1,False,False,False,False,True,Success
log-2db2d6b1,user-bf9019,res-963b91561a,CreateUser,2026-03-09T15:01:58Z,208.209.52.208,eastus,True,False,True,True,False,Success
log-b9e7f03c,user-855998,res-7bf8be84c6,DeleteUser,2026-03-21T15:01:58Z,164.78.215.231,eastus,False,False,False,False,True,Success
log-a459ac28,user-5548f9,res-9bf6ab9fd1,AssumeRole,2026-03-05T15:01:58Z,96.101.2.18,eastus,False,True,True,True,True,Success
log-6e8f5dd6,user-e5ac1e,res-39252dca50,DeleteUser,2026-02-24T15:01:58Z,14.177.225.147,us-east-1,True,False,False,True,True,Success
log-3cbf3a66,user-fecc59,res-ce612a7fad,DescribeInstances,2026-03-14T15:01:58Z,114.135.28.182,eastus,False,False,False,False,False,Success
log-c757fbe4,user-b161d2,res-404c02bebc,PutObject,2026-02-28T15:01:58Z,253.239.27.82,eastus,False,False,False,False,True,Denied
log-4c95f3bf,user-e5ac1e,res-c9776b438f,PutBucketPolicy,2026-02-20T15:01:58Z,137.203.222.247,ap-southeast-1,False,False,False,False,False,Success
log-9d21fed9,user-73a75c,res-9566dad579,AssumeRole,2026-03-09T15:01:58Z,50.165.253.68,eastus,True,False,True,True,True,Denied
log-14fb3385,user-b161d2,res-996ad334d4,DeleteUser,2026-03-20T15:01:58Z,191.244.242.206,us-east-1,True,False,False,True,True,Success
log-72f0711d,user-a059aa,res-427a6265ad,PutObject,2026-03-03T15:01:58Z,155.184.221.126,eu-west-1,True,False,False,True,True,Denied
log-cf260d6e,user-d8dfeb,res-d3799f0227,CreateSnapshot,2026-03-02T15:01:58Z,202.68.107.145,eastus,False,False,False,False,True,Success
log-55238775,user-3a9168,res-6d53c9bed0,DeleteObject,2026-03-11T15:01:58Z,209.202.235.97,eu-west-1,False,False,False,False,True,Success
log-84a57378,user-b43e56,res-9f192dde88,DetachRolePolicy,2026-02-20T15:01:58Z,185.173.72.12,eu-west-1,False,False,False,False,True,Success
log-6311e254,user-72a049,res-938e55f151,ModifySecurityGroup,2026-02-27T15:01:58Z,158.96.116.195,eu-west-1,True,True,False,True,True,Success
log-bcb346c6,user-73a75c,res-d22cf6398a,DeleteUser,2026-02-28T15:01:58Z,135.76.4.205,eastus,True,False,False,True,True,Success
log-e9577428,user-e5ac1e,res-c825684ca7,TerminateInstance,2026-03-13T15:01:58Z,230.199.29.235,eastus,False,False,False,False,True,Success
log-a7902dac,user-3fea88,res-e4c83244b4,PutObject,2026-03-15T15:01:58Z,32.15.1.184,eastus,False,False,False,False,False,Denied
log-3896a7f2,user-73a75c,res-3c7e62cf2b,DeleteObject,2026-03-16T15:01:58Z,186.77.65.127,eastus,False,False,False,False,True,Success
log-0bd0e883,user-e5ac1e,res-e5abc4f025,CreateSnapshot,2026-03-05T15:01:58Z,245.203.205.238,ap-southeast-1,False,False,False,False,False,Success
log-58d202d2,user-5548f9,res-bccdd80bb0,GetObject,2026-03-15T15:01:58Z,61.193.17.86,ap-southeast-1,False,False,False,False,True,Success
log-a3b49c9a,user-fecc59,res-ed6954835e,PutBucketPolicy,2026-03-12T15:01:58Z,10.242.152.187,us-east-1,True,False,False,True,True,Success
log-74a5b632,user-a059aa,res-3c7e62cf2b,PutBucketPolicy,2026-02-22T15:01:58Z,195.187.85.110,eastus,False,False,False,False,True,Success
log-82e6fed7,user-b43e56,res-8e7a52848a,TerminateInstance,2026-02-20T15:01:58Z,4.20.125.181,eastus,False,False,False,False,True,Success
log-7c8a3adc,user-b161d2,res-fde42aa41f,TerminateInstance,2026-02-24T15:01:58Z,204.134.210.187,us-east-1,False,False,False,False,True,Success
log-b8a3089f,user-bf9019,res-acdd50874d,DeleteUser,2026-03-01T15:01:58Z,134.111.248.192,ap-southeast-1,False,False,False,False,False,Success
log-44962626,user-e5ac1e,res-955402ca9e,DetachRolePolicy,2026-02-20T15:01:58Z,9.161.160.4,ap-southeast-1,False,False,False,False,True,Success
log-65674e30,user-73a75c,res-9ecc8c3895,TerminateInstance,2026-03-08T15:01:58Z,33.67.113.250,ap-southeast-1,False,False,False,False,False,Success
log-096c168d,user-1c40ab,res-5faf3cfc5a,CreateSnapshot,2026-03-04T15:01:58Z,226.38.53.85,ap-southeast-1,False,False,False,False,True,Success
log-04a01e05,user-2d1347,res-8981e482f7,GetObject,2026-02-27T15:01:58Z,116.223.83.36,eu-west-1,True,False,False,True,False,Denied
log-7acab651,user-b75736,res-719c69e0b0,DeleteUser,2026-03-12T15:01:58Z,238.82.174.102,eastus,True,False,False,True,False,Success
log-847f20b1,user-e5ac1e,res-35fb085a1f,ShareSnapshot,2026-03-05T15:01:58Z,248.65.104.116,eastus,False,False,False,False,True,Success
log-20aaa924,user-3a9168,res-ba7aa52644,PutObject,2026-03-09T15:01:58Z,179.39.102.179,ap-southeast-1,False,True,False,True,True,Success
log-5c73b400,user-fecc59,res-4476523a00,CreateSnapshot,2026-03-03T15:01:58Z,223.138.200.7,ap-southeast-1,False,False,False,False,True,Success
log-2e4e344d,user-3fea88,res-c44ae8a303,DetachRolePolicy,2026-02-25T15:01:58Z,174.123.1.220,eastus,False,False,False,False,True,Success
log-34a8c28c,user-1c40ab,res-ffe7d0aee3,TerminateInstance,2026-03-04T15:01:58Z,37.213.42.99,eastus,True,False,False,True,True,Success
log-be1ff06d,user-bf9019,res-2f7e96c024,AssumeRole,2026-02-26T15:01:58Z,105.142.169.128,eastus,False,False,True,True,True,Success
log-026fd01f,user-b161d2,res-55ed5b54c0,AssumeRole,2026-03-18T15:01:58Z,111.140.2.2,us-east-1,True,False,True,True,True,Success
log-9a449125,user-262808,res-e5abc4f025,ShareSnapshot,2026-03-05T15:01:58Z,15.182.36.107,eastus,True,False,False,True,True,Success
log-12fcd829,user-d8dfeb,res-e2ffad8b74,ModifySecurityGroup,2026-02-22T15:01:58Z,198.241.151.2,eu-west-1,False,False,False,False,False,Success
log-5acb5a02,user-73a75c,res-9750ddd10a,CreateUser,2026-02-20T15:01:58Z,5.119.162.211,eastus,False,False,True,True,False,Success
log-f485857f,user-b159ab,res-0d6a0ef68f,DescribeInstances,2026-03-08T15:01:58Z,160.152.137.40,eu-west-1,False,True,False,True,True,Success
log-91224d01,user-b1f862,res-2944eb9249,ShareSnapshot,2026-02-27T15:01:58Z,139.114.15.252,ap-southeast-1,False,False,False,False,False,Success
log-e2188f2b,user-7ecee6,res-1fdbfd3128,GetObject,2026-03-03T15:01:58Z,211.243.248.223,eastus,False,False,False,False,True,Success
log-4059061d,user-d8dfeb,res-63e8a8f8da,ModifySecurityGroup,2026-03-18T15:01:58Z,157.138.6.77,ap-southeast-1,False,False,False,False,False,Success
log-690fefff,user-b161d2,res-4c4bb0a48f,ShareSnapshot,2026-03-09T15:01:58Z,253.7.164.128,eu-west-1,False,False,False,False,True,Success
log-dbfe0df4,user-054659,res-5534d73b23,DetachRolePolicy,2026-02-23T15:01:58Z,12.71.221.1,eu-west-1,False,False,False,False,False,Success
log-a4374758,user-d8dfeb,res-8e3baf2888,TerminateInstance,2026-02-24T15:01:58Z,249.46.181.234,eu-west-1,True,False,False,True,True,Success
log-ed25c1ee,user-96f1c4,res-8981e482f7,DeleteUser,2026-03-15T15:01:58Z,59.49.225.171,eastus,False,False,False,False,True,Success
log-cbd84c73,user-b159ab,res-9b460311aa,DetachRolePolicy,2026-03-10T15:01:58Z,18.217.136.233,eu-west-1,True,False,False,True,True,Success
log-8e7daffd,user-8c9db0,res-a22dd5d9bb,DeleteObject,2026-02-23T15:01:58Z,165.202.141.28,eastus,False,False,False,False,True,Success
log-04833b4f,user-c70c7e,res-137824f6dd,CreateUser,2026-03-21T15:01:58Z,185.192.143.43,eastus,True,False,True,True,True,Success
log-8798c8ed,user-b43e56,res-b25d06f105,DescribeInstances,2026-03-18T15:01:58Z,1.196.206.47,eu-west-1,False,False,False,False,True,Success
log-8cd604fc,user-7ecee6,res-e7f1cf49e9,AssumeRole,2026-03-19T15:01:58Z,205.46.239.139,eu-west-1,False,False,True,True,True,Success
log-9a984cc0,user-8203f0,res-9b460311aa,TerminateInstance,2026-03-11T15:01:58Z,160.11.215.238,eu-west-1,False,False,False,False,True,Success
log-88307e08,user-d8dfeb,res-79697580cc,PutBucketPolicy,2026-03-06T15:01:58Z,129.13.77.227,eu-west-1,True,False,False,True,True,Success
log-8becb3c4,user-72a049,res-245355a4b4,GetObject,2026-02-27T15:01:58Z,70.229.28.172,ap-southeast-1,False,False,False,False,False,Denied
log-a935f501,user-72a049,res-883c6b690d,CreateSnapshot,2026-03-13T15:01:58Z,114.215.254.81,ap-southeast-1,True,False,False,True,True,Success
log-6ea87da8,user-96f1c4,res-597bf029d3,AttachRolePolicy,2026-03-02T15:01:58Z,116.107.236.132,us-east-1,False,True,True,True,True,Success
log-9e3f091b,user-4e7d39,res-d34d65828e,GetObject,2026-03-04T15:01:58Z,131.199.85.104,eu-west-1,False,False,False,False,True,Success
log-8ddb1ddd,user-b159ab,res-11af606e21,DescribeInstances,2026-03-05T15:01:58Z,246.8.245.103,us-east-1,True,False,False,True,True,Success
log-bec67945,user-7ecee6,res-cc6a663d69,DeleteObject,2026-03-18T15:01:58Z,155.14.170.189,us-east-1,False,False,False,False,True,Success
log-ade615e9,user-1c40ab,res-54dbf724ce,DetachRolePolicy,2026-03-01T15:01:58Z,100.50.68.209,us-east-1,False,False,False,False,True,Success
log-70ef8833,user-b43e56,res-c7b5585543,CreateUser,2026-02-27T15:01:58Z,31.24.232.151,eu-west-1,False,True,True,True,True,Success
log-07eebc9f,user-72a049,res-63e8a8f8da,DeleteObject,2026-03-09T15:01:58Z,60.114.140.232,eastus,False,False,False,False,True,Success
log-dc687667,user-b159ab,res-2944eb9249,DescribeInstances,2026-02-27T15:01:58Z,126.167.235.131,eastus,False,True,False,True,False,Success
log-f0c53788,user-3a9168,res-d8b1042c8e,DescribeInstances,2026-03-11T15:01:58Z,4.249.226.61,us-east-1,False,False,False,False,False,Success
log-01b2246f,user-7ecee6,res-ba08980b6f,PutObject,2026-03-11T15:01:58Z,11.162.225.174,us-east-1,False,False,False,False,True,Success
log-aecc58c9,user-262808,res-b9d562a6bb,DetachRolePolicy,2026-03-02T15:01:58Z,57.140.143.68,us-east-1,False,False,False,False,True,Denied
log-888024a2,user-50a2af,res-d1aab9717e,PutObject,2026-03-19T15:01:58Z,228.247.26.167,us-east-1,False,True,False,True,False,Denied
log-2681ed94,user-877ecd,res-883c6b690d,TerminateInstance,2026-03-20T15:01:58Z,254.227.58.84,eastus,False,False,False,False,False,Success
log-578877e9,user-3fea88,res-ce612a7fad,CreateSnapshot,2026-03-20T15:01:58Z,225.230.228.138,us-east-1,False,False,False,False,False,Success
log-d2d9bc0e,user-877ecd,res-719c69e0b0,ShareSnapshot,2026-02-25T15:01:58Z,110.149.134.106,eastus,False,False,False,False,True,Success
log-b14e3c50,user-b43e56,res-c9776b438f,DescribeInstances,2026-02-23T15:01:58Z,110.152.11.17,eastus,False,False,False,False,True,Success
log-70bdbcea,user-bf9019,res-b9d562a6bb,DescribeInstances,2026-02-25T15:01:58Z,54.60.181.150,eastus,False,False,False,False,True,Success
log-07f52c01,user-b1f862,res-7f6b94c2d3,CreateSnapshot,2026-02-28T15:01:58Z,60.53.201.247,eu-west-1,True,False,False,True,False,Success
log-02f1284a,user-96f1c4,res-e7f1cf49e9,AssumeRole,2026-03-04T15:01:58Z,170.155.83.211,eu-west-1,False,False,True,True,True,Success
log-ba95e7db,user-8203f0,res-d7df19e49a,AssumeRole,2026-03-19T15:01:58Z,190.130.126.150,eastus,False,False,True,True,False,Success
log-8ab04a59,user-b159ab,res-d1aab9717e,ModifySecurityGroup,2026-03-12T15:01:58Z,182.130.199.46,us-east-1,False,False,False,False,True,Success
log-f30dbcee,user-b161d2,res-597bf029d3,ModifySecurityGroup,2026-03-01T15:01:58Z,125.137.58.109,us-east-1,True,False,False,True,True,Success
log-4d590167,user-b1f862,res-0693881731,PutObject,2026-03-05T15:01:58Z,145.36.146.229,us-east-1,False,True,False,True,True,Success
log-ab3f07b9,user-96f1c4,res-f1fd88bede,PutBucketPolicy,2026-03-06T15:01:58Z,15.130.104.178,eastus,False,False,False,False,False,Success
log-643431a5,user-1344f3,res-8b8ffe3b1e,DetachRolePolicy,2026-02-24T15:01:58Z,138.207.147.171,eu-west-1,True,False,False,True,False,Success
log-ceea0918,user-a059aa,res-07bfab7864,CreateUser,2026-02-19T15:01:58Z,239.15.196.182,eu-west-1,False,False,True,True,True,Denied
log-cd775a7e,user-855998,res-949db16690,DeleteUser,2026-03-07T15:01:58Z,97.212.211.112,us-east-1,True,False,False,True,True,Denied
log-47837157,user-1344f3,res-4f5380106a,DescribeInstances,2026-03-13T15:01:58Z,236.16.68.204,eu-west-1,True,False,False,True,True,Success
log-2ad5b5ab,user-c70c7e,res-c44ae8a303,DetachRolePolicy,2026-03-03T15:01:58Z,231.106.224.249,eastus,False,True,False,True,True,Denied
log-5c26902c,user-4e7d39,res-2f7e96c024,DetachRolePolicy,2026-02-26T15:01:58Z,222.231.36.84,eu-west-1,True,True,False,True,True,Success
log-d7b0db4d,user-8203f0,res-777b4eac0c,ModifySecurityGroup,2026-03-12T15:01:58Z,55.125.179.17,eastus,True,False,False,True,True,Success
log-329a3916,user-b161d2,res-5b767a6834,ModifySecurityGroup,2026-03-17T15:01:58Z,29.196.126.126,eu-west-1,False,False,False,False,True,Success
log-48eb1517,user-72a049,res-4c4bb0a48f,AssumeRole,2026-02-26T15:01:58Z,157.171.182.150,eu-west-1,False,False,True,True,True,Success
log-314ae291,user-b159ab,res-949db16690,TerminateInstance,2026-02-21T15:01:58Z,77.23.13.56,ap-southeast-1,False,False,False,False,True,Success
log-2f0057d2,user-5548f9,res-3a9d556215,AssumeRole,2026-03-19T15:01:58Z,54.138.147.237,ap-southeast-1,True,False,True,True,False,Success
log-3eb530e0,user-d8dfeb,res-a2d4262f33,AttachRolePolicy,2026-02-20T15:01:58Z,1.153.240.194,eu-west-1,False,False,True,True,False,Success
log-9ce49b15,user-b43e56,res-9b460311aa,ModifySecurityGroup,2026-03-09T15:01:58Z,22.191.246.75,eu-west-1,True,False,False,True,True,Success
log-a8a954c7,user-2d1347,res-5a7b3f320c,ShareSnapshot,2026-03-03T15:01:58Z,120.162.109.17,eu-west-1,False,False,False,False,False,Success
log-141408a9,user-a059aa,res-deeec03b65,AssumeRole,2026-03-12T15:01:58Z,167.222.217.25,eu-west-1,False,False,True,True,True,Success
log-d9d07710,user-b161d2,res-2655060d2f,GetObject,2026-03-20T15:01:58Z,138.245.124.22,ap-southeast-1,True,False,False,True,True,Success
log-36ea6d44,user-e5ac1e,res-9bf6ab9fd1,ModifySecurityGroup,2026-03-14T15:01:58Z,106.87.53.242,us-east-1,False,False,False,False,True,Success
log-55bd55a9,user-50a2af,res-bb46227117,PutObject,2026-03-20T15:01:58Z,162.163.216.78,eu-west-1,False,False,False,False,True,Success
log-e0661c7e,user-ab0c8f,res-7f522b8ab8,PutBucketPolicy,2026-03-04T15:01:58Z,37.219.101.63,us-east-1,False,False,False,False,True,Success
log-2425e9f7,user-b75736,res-cbae2f56e4,DescribeInstances,2026-03-21T15:01:58Z,48.99.27.48,eastus,False,True,False,True,False,Denied
log-254cbcc0,user-b75736,res-3a9d556215,CreateSnapshot,2026-03-21T15:01:58Z,213.70.86.74,us-east-1,False,False,False,False,True,Success
log-cd07c4d3,user-a059aa,res-eca998468c,CreateUser,2026-03-06T15:01:58Z,20.131.163.190,eu-west-1,True,False,True,True,True,Denied
log-d4415be1,user-8203f0,res-39252dca50,DescribeInstances,2026-03-15T15:01:58Z,33.69.69.72,us-east-1,True,False,False,True,True,Success
log-48a3593b,user-3a9168,res-c2d94bc4fa,DeleteObject,2026-03-16T15:01:58Z,96.193.71.168,us-east-1,False,False,False,False,True,Success
log-36ff729e,user-3fea88,res-690b602680,GetObject,2026-02-22T15:01:58Z,54.131.157.54,eu-west-1,True,False,False,True,True,Success
log-f3f9ac8c,user-877ecd,res-e2ffad8b74,AssumeRole,2026-03-16T15:01:58Z,250.59.109.41,eu-west-1,False,False,True,True,False,Success
log-e731a38b,user-96f1c4,res-11af606e21,PutBucketPolicy,2026-03-12T15:01:58Z,78.95.204.77,ap-southeast-1,False,False,False,False,True,Success
log-d0d0698e,user-a059aa,res-e2ffad8b74,ModifySecurityGroup,2026-03-03T15:01:58Z,50.137.89.191,us-east-1,False,False,False,False,False,Success
log-735fd5c6,user-b161d2,res-9c806b3222,CreateUser,2026-02-25T15:01:58Z,122.124.141.170,ap-southeast-1,False,False,True,True,True,Success
log-7522aa04,user-c70c7e,res-2f7e96c024,CreateUser,2026-02-23T15:01:58Z,46.196.206.95,ap-southeast-1,True,False,True,True,True,Success
log-4d6b812a,user-4e7d39,res-001d03101b,CreateUser,2026-02-19T15:01:58Z,64.31.213.107,ap-southeast-1,True,False,True,True,True,Success
log-c7e9da35,user-b161d2,res-79697580cc,DescribeInstances,2026-03-09T15:01:58Z,41.147.226.200,ap-southeast-1,False,False,False,False,False,Success
log-63274ae3,user-1344f3,res-dde86bf1de,PutBucketPolicy,2026-03-14T15:01:58Z,149.208.65.196,ap-southeast-1,False,False,False,False,False,Success
log-586981f6,user-73a75c,res-bf77187a25,ShareSnapshot,2026-03-09T15:01:58Z,39.152.52.87,eastus,False,False,False,False,True,Success
log-7e4a4bec,user-3a9168,res-9983a2c0b5,CreateSnapshot,2026-02-20T15:01:58Z,191.114.165.70,eu-west-1,False,False,False,False,False,Success
log-6f816c99,user-50a2af,res-c825684ca7,AttachRolePolicy,2026-02-26T15:01:58Z,148.13.211.201,us-east-1,False,False,True,True,True,Success
log-8c6000df,user-fecc59,res-fb6c156d19,DeleteUser,2026-03-03T15:01:58Z,156.39.212.25,ap-southeast-1,False,False,False,False,False,Success
log-fa202da6,user-262808,res-957f15962b,PutObject,2026-03-09T15:01:58Z,178.236.45.8,eu-west-1,False,False,False,False,True,Success
log-20cd374d,user-4e7d39,res-d1c7394082,CreateUser,2026-03-20T15:01:58Z,199.2.48.71,eastus,False,False,True,True,False,Denied
log-498a49a4,user-054659,res-59ca1a3310,GetObject,2026-03-04T15:01:58Z,71.106.60.34,us-east-1,True,False,False,True,False,Success
log-47cdfdd2,user-73a75c,res-0a11fadf35,ShareSnapshot,2026-03-12T15:01:58Z,83.142.73.192,eu-west-1,False,False,False,False,True,Success
log-c1739a76,user-b161d2,res-4c4bb0a48f,CreateUser,2026-03-15T15:01:58Z,118.71.153.3,eu-west-1,False,False,True,True,True,Success
log-6e7af10a,user-262808,res-1711ed7197,PutObject,2026-02-28T15:01:58Z,106.196.149.146,eastus,True,False,False,True,True,Success
log-feff16c7,user-7ecee6,res-7c8e5757c5,CreateUser,2026-02-28T15:01:58Z,85.112.56.9,us-east-1,False,False,True,True,False,Success
log-fcdcffad,user-b161d2,res-08dd96d887,DetachRolePolicy,2026-03-21T15:01:58Z,184.126.139.188,us-east-1,True,False,False,True,False,Success
log-96c0e965,user-c70c7e,res-48ca5aa114,ModifySecurityGroup,2026-03-13T15:01:58Z,171.214.246.169,eu-west-1,False,False,False,False,False,Success
log-27aa96c0,user-5548f9,res-f93518575b,ModifySecurityGroup,2026-03-20T15:01:58Z,177.135.45.187,us-east-1,False,False,False,False,False,Denied
log-cabcffbc,user-4e7d39,res-7f6b94c2d3,DescribeInstances,2026-03-20T15:01:58Z,233.46.53.103,us-east-1,True,False,False,True,False,Success
log-5a81d215,user-b75736,res-0a11fadf35,PutBucketPolicy,2026-02-28T15:01:58Z,13.159.82.229,us-east-1,True,False,False,True,True,Success
log-63ad4ec8,user-054659,res-e5abc4f025,TerminateInstance,2026-03-08T15:01:58Z,140.16.37.225,us-east-1,True,False,False,True,True,Success
log-b8f4881b,user-3a9168,res-08dd96d887,DescribeInstances,2026-03-13T15:01:58Z,240.168.154.142,ap-southeast-1,False,False,False,False,False,Denied
log-d2bed25f,user-73a75c,res-dde86bf1de,DescribeInstances,2026-03-19T15:01:58Z,123.49.248.215,us-east-1,False,True,False,True,True,Success
log-77c98c0f,user-ab0c8f,res-9339bd1b32,AssumeRole,2026-02-24T15:01:58Z,180.44.253.30,eu-west-1,False,True,True,True,False,Success
log-ee7aad9e,user-1c40ab,res-deeec03b65,PutBucketPolicy,2026-03-12T15:01:58Z,78.237.2.42,us-east-1,True,False,False,True,True,Success
log-fa136891,user-96f1c4,res-1424bada8a,DeleteUser,2026-02-22T15:01:58Z,35.248.38.198,eu-west-1,False,False,False,False,False,Success
log-fc5a25bc,user-262808,res-bc31c3205d,DeleteUser,2026-03-09T15:01:58Z,49.36.122.142,us-east-1,False,False,False,False,True,Success
log-15e8b5e4,user-fecc59,res-fb445d33ce,PutObject,2026-02-28T15:01:58Z,148.146.86.64,eu-west-1,False,False,False,False,True,Success
log-24aae003,user-ab0c8f,res-ce612a7fad,CreateSnapshot,2026-03-14T15:01:58Z,56.169.26.106,eastus,True,False,False,True,False,Success
log-9765e7a3,user-e5ac1e,res-7f522b8ab8,AttachRolePolicy,2026-03-13T15:01:58Z,83.89.254.190,ap-southeast-1,False,False,True,True,False,Success
log-842c7597,user-877ecd,res-787c37d8d2,ModifySecurityGroup,2026-03-06T15:01:58Z,240.238.141.134,ap-southeast-1,True,False,False,True,True,Success
log-a8a827c0,user-262808,res-e3a59908fe,DetachRolePolicy,2026-03-14T15:01:58Z,28.174.221.116,ap-southeast-1,True,True,False,True,False,Denied
log-94513c9f,user-73a75c,res-787c37d8d2,AssumeRole,2026-02-25T15:01:58Z,38.94.229.164,us-east-1,False,False,True,True,True,Success
log-ee392157,user-d8dfeb,res-c9776b438f,PutBucketPolicy,2026-03-10T15:01:58Z,67.195.4.122,us-east-1,False,False,False,False,True,Success
log-2e9684ed,user-3a9168,res-d3238bee1f,ModifySecurityGroup,2026-03-18T15:01:58Z,210.193.215.221,eu-west-1,False,True,False,True,True,Success
log-1592716b,user-262808,res-bccdd80bb0,ShareSnapshot,2026-02-24T15:01:58Z,1.210.209.139,us-east-1,True,False,False,True,True,Denied
log-c5bc5d85,user-5548f9,res-c9776b438f,PutObject,2026-03-06T15:01:58Z,2.241.208.44,eu-west-1,True,False,False,True,True,Success
log-2bff2124,user-b161d2,res-8a0646529c,DeleteObject,2026-03-17T15:01:58Z,38.92.89.143,eu-west-1,False,False,False,False,True,Success
log-5afaf047,user-4e7d39,res-e6364f31a7,TerminateInstance,2026-03-17T15:01:58Z,156.152.16.1,ap-southeast-1,False,False,False,False,True,Success
log-4a6b77ee,user-50a2af,res-c44ae8a303,DeleteUser,2026-03-02T15:01:58Z,228.52.59.240,eu-west-1,True,False,False,True,True,Success
log-e23ddcb1,user-3a9168,res-fb3718cc6c,AssumeRole,2026-03-15T15:01:58Z,242.226.74.43,eu-west-1,False,False,True,True,False,Success
log-17b41c0d,user-b43e56,res-5b767a6834,ModifySecurityGroup,2026-03-18T15:01:58Z,171.184.250.143,us-east-1,False,False,False,False,True,Success
log-ae3db9fa,user-c70c7e,res-7bf8be84c6,DeleteObject,2026-02-20T15:01:58Z,19.12.153.27,ap-southeast-1,False,True,False,True,False,Success
log-69c39d56,user-bf9019,res-3bc1ba6fb8,ModifySecurityGroup,2026-03-19T15:01:58Z,195.64.48.239,ap-southeast-1,False,False,False,False,True,Success
log-45050c22,user-5548f9,res-bb46227117,ModifySecurityGroup,2026-02-26T15:01:58Z,10.89.43.165,eu-west-1,False,False,False,False,True,Success
log-95eed951,user-b161d2,res-0cec1ae9ba,AttachRolePolicy,2026-03-01T15:01:58Z,173.116.237.143,us-east-1,False,False,True,True,True,Success
log-b6ac71ae,user-96f1c4,res-e5c631d620,DetachRolePolicy,2026-02-26T15:01:58Z,239.122.206.153,us-east-1,False,False,False,False,True,Success
log-ce7e07fb,user-bf9019,res-8ea3787196,DeleteUser,2026-02-24T15:01:58Z,79.10.142.48,us-east-1,False,False,False,False,False,Success
log-7e9289b7,user-855998,res-e3a59908fe,PutBucketPolicy,2026-03-20T15:01:58Z,229.78.219.4,eastus,False,False,False,False,True,Success
log-ae088976,user-bf9019,res-cfafaa182f,DeleteUser,2026-03-14T15:01:58Z,70.190.227.229,us-east-1,False,False,False,False,True,Success
log-14ceedfb,user-b159ab,res-e5abc4f025,PutObject,2026-02-20T15:01:58Z,144.35.153.151,us-east-1,False,False,False,False,True,Success
log-7f2ded84,user-a059aa,res-35fb085a1f,ModifySecurityGroup,2026-03-15T15:01:58Z,158.82.203.76,ap-southeast-1,False,False,False,False,True,Success
log-d9886328,user-4e7d39,res-a2d4262f33,AssumeRole,2026-02-24T15:01:58Z,173.94.123.191,eu-west-1,True,False,True,True,False,Success
log-b300d6d7,user-fecc59,res-35fb085a1f,GetObject,2026-02-25T15:01:58Z,117.64.157.29,ap-southeast-1,True,False,False,True,True,Denied
log-619068f9,user-8203f0,res-7f6b94c2d3,PutObject,2026-03-11T15:01:58Z,118.144.14.99,eu-west-1,False,False,False,False,False,Success
log-8a1fa2cc,user-8203f0,res-60f0ed8701,DeleteObject,2026-03-13T15:01:58Z,16.122.109.57,eu-west-1,True,False,False,True,True,Success
log-6b592979,user-3fea88,res-ba7aa52644,AssumeRole,2026-03-16T15:01:58Z,83.71.198.58,us-east-1,False,False,True,True,True,Denied
log-235faf4b,user-d8dfeb,res-d34d65828e,CreateUser,2026-03-09T15:01:58Z,177.46.226.41,us-east-1,True,False,True,True,True,Denied
log-a14d4bc6,user-3fea88,res-8e93953ee6,TerminateInstance,2026-03-17T15:01:58Z,105.237.90.232,us-east-1,True,False,False,True,True,Success
log-f4e7a7f0,user-b1f862,res-eca998468c,CreateUser,2026-03-02T15:01:58Z,254.2.202.57,eu-west-1,False,False,True,True,False,Success
log-9f3a89e0,user-73a75c,res-d5b669f9c8,TerminateInstance,2026-03-14T15:01:58Z,12.154.183.2,eu-west-1,False,False,False,False,True,Success
log-352e4491,user-7ecee6,res-deeec03b65,GetObject,2026-03-18T15:01:58Z,63.108.191.159,eu-west-1,False,False,False,False,True,Success
log-38c75cba,user-3fea88,res-b418bdd23c,GetObject,2026-03-20T15:01:58Z,182.174.220.26,eastus,False,True,False,True,True,Success
log-51843583,user-8203f0,res-c73378f9a0,CreateSnapshot,2026-02-28T15:01:58Z,17.188.181.249,ap-southeast-1,False,False,False,False,True,Success
log-86795467,user-3fea88,res-9ecc8c3895,DescribeInstances,2026-03-21T15:01:58Z,89.111.69.191,eu-west-1,False,False,False,False,True,Success
log-820b5f03,user-877ecd,res-4476523a00,DeleteUser,2026-02-20T15:01:58Z,73.169.192.75,eastus,False,False,False,False,False,Success
log-676a1f8f,user-b159ab,res-60f0ed8701,ShareSnapshot,2026-02-26T15:01:58Z,242.180.100.174,us-east-1,True,False,False,True,False,Success
log-b50c79a9,user-4e7d39,res-9566dad579,CreateUser,2026-02-27T15:01:58Z,89.90.241.166,eastus,False,False,True,True,True,Success
log-336986e3,user-72a049,res-5faf3cfc5a,AttachRolePolicy,2026-03-19T15:01:58Z,123.28.208.170,us-east-1,False,False,True,True,False,Success
log-2c9837c9,user-d8dfeb,res-d1c7394082,DescribeInstances,2026-03-19T15:01:58Z,123.226.12.99,eastus,False,False,False,False,True,Success
log-14183893,user-c70c7e,res-ed6954835e,DeleteObject,2026-03-15T15:01:58Z,139.182.79.19,eu-west-1,False,False,False,False,True,Success
log-5d9cfc41,user-1344f3,res-37c7fb39ed,PutBucketPolicy,2026-03-05T15:01:58Z,234.254.42.22,ap-southeast-1,False,False,False,False,False,Success
log-932352cf,user-73a75c,res-0d6a0ef68f,GetObject,2026-03-21T15:01:58Z,213.172.125.146,eu-west-1,True,False,False,True,False,Success
log-f12c6ccd,user-e5ac1e,res-d1aab9717e,DeleteObject,2026-03-13T15:01:58Z,169.194.194.157,eu-west-1,False,False,False,False,True,Success
log-7f458c3c,user-50a2af,res-59ca1a3310,ModifySecurityGroup,2026-03-18T15:01:58Z,52.254.211.88,us-east-1,False,False,False,False,False,Success
log-4510c473,user-73a75c,res-3f29e3e5e1,DeleteObject,2026-03-20T15:01:58Z,71.15.198.206,ap-southeast-1,True,True,False,True,True,Success
log-c0c6e4b3,user-fecc59,res-eaffa50f7d,CreateUser,2026-03-07T15:01:58Z,95.32.73.125,eu-west-1,False,False,True,True,False,Success
log-541d6ba2,user-b161d2,res-79697580cc,ShareSnapshot,2026-02-20T15:01:58Z,214.187.200.81,eastus,False,False,False,False,True,Denied
log-144d3394,user-2d1347,res-9750ddd10a,DeleteUser,2026-03-05T15:01:58Z,41.84.142.209,ap-southeast-1,False,False,False,False,False,Success
log-7a198357,user-a059aa,res-6862a3516a,CreateUser,2026-03-01T15:01:58Z,246.211.66.249,eastus,True,False,True,True,True,Success
log-66e1bc90,user-bf9019,res-dfdc9719b5,DeleteObject,2026-02-23T15:01:58Z,108.64.229.225,eastus,False,True,False,True,False,Success
log-981b2351,user-c70c7e,res-62c866fec8,AssumeRole,2026-02-27T15:01:58Z,150.110.131.176,ap-southeast-1,True,False,True,True,False,Success
log-ecb761f1,user-72a049,res-dfdc9719b5,ModifySecurityGroup,2026-03-08T15:01:58Z,2.95.75.202,eu-west-1,False,False,False,False,True,Success
log-dc58d351,user-50a2af,res-d3799f0227,TerminateInstance,2026-02-27T15:01:58Z,2.146.176.249,eastus,False,False,False,False,False,Success
log-a84c4b11,user-054659,res-8e93953ee6,AssumeRole,2026-03-18T15:01:58Z,168.26.234.7,eu-west-1,False,False,True,True,True,Success
log-a730e6ee,user-d8dfeb,res-355c3d5096,ModifySecurityGroup,2026-03-07T15:01:58Z,243.73.124.50,eastus,False,False,False,False,True,Denied
log-e1570620,user-b75736,res-245355a4b4,DetachRolePolicy,2026-02-27T15:01:58Z,17.202.249.103,eastus,False,False,False,False,True,Success
log-e3cfd9b9,user-877ecd,res-79697580cc,PutBucketPolicy,2026-03-17T15:01:58Z,2.57.34.254,eu-west-1,False,False,False,False,False,Success
log-035a8d1d,user-a059aa,res-ffe7d0aee3,CreateSnapshot,2026-02-28T15:01:58Z,236.137.64.100,ap-southeast-1,False,False,False,False,False,Denied
log-906df8da,user-73a75c,res-a174febd99,ShareSnapshot,2026-03-15T15:01:58Z,173.195.11.243,eu-west-1,False,False,False,False,False,Success
log-117535a1,user-3fea88,res-eca998468c,DeleteUser,2026-02-26T15:01:58Z,179.105.195.3,ap-southeast-1,True,False,False,True,True,Success
log-a9abdc33,user-b43e56,res-c05cb61119,CreateUser,2026-02-21T15:01:58Z,144.189.214.72,us-east-1,False,False,True,True,True,Success
log-2e993b52,user-2d1347,res-e4c83244b4,AssumeRole,2026-02-25T15:01:58Z,239.110.191.13,us-east-1,True,False,True,True,True,Denied
log-d535c42a,user-fecc59,res-4f5380106a,PutObject,2026-03-06T15:01:58Z,136.30.24.56,us-east-1,False,False,False,False,True,Success
log-df6b959a,user-ab0c8f,res-37c7fb39ed,GetObject,2026-03-13T15:01:58Z,104.197.174.20,eu-west-1,False,True,False,True,False,Success
log-7985ea05,user-877ecd,res-d3238bee1f,PutObject,2026-03-13T15:01:58Z,123.158.234.82,ap-southeast-1,False,False,False,False,True,Success
log-f55bb965,user-3fea88,res-65d77cef41,GetObject,2026-03-18T15:01:58Z,82.195.144.115,us-east-1,False,False,False,False,True,Success
log-b144b778,user-50a2af,res-ca3d4ec0cd,GetObject,2026-03-19T15:01:58Z,228.236.52.104,eu-west-1,False,True,False,True,True,Success
log-cf78006b,user-e5ac1e,res-cc6a663d69,AssumeRole,2026-03-05T15:01:58Z,205.216.57.22,eastus,False,False,True,True,False,Success
log-1f02e82f,user-b161d2,res-1fdbfd3128,CreateSnapshot,2026-02-27T15:01:58Z,51.81.211.17,eastus,False,False,False,False,False,Success
log-f2ddeb2a,user-3a9168,res-7bf8be84c6,AssumeRole,2026-03-04T15:01:58Z,66.182.34.151,ap-southeast-1,False,False,True,True,True,Success
log-0104ba69,user-d8dfeb,res-597bf029d3,AssumeRole,2026-03-14T15:01:58Z,253.126.83.73,eu-west-1,False,False,True,True,True,Success
log-12b8e11b,user-1c40ab,res-4476523a00,ShareSnapshot,2026-02-27T15:01:58Z,12.34.169.139,ap-southeast-1,False,False,False,False,False,Success
log-3b347dbc,user-4e7d39,res-d34d65828e,TerminateInstance,2026-03-15T15:01:58Z,199.103.3.39,ap-southeast-1,True,False,False,True,True,Denied
log-f8bdfd11,user-b159ab,res-705884010b,DeleteUser,2026-02-25T15:01:58Z,144.113.130.82,us-east-1,False,False,False,False,True,Success
log-36e3112c,user-b75736,res-b418bdd23c,DeleteObject,2026-03-11T15:01:58Z,95.153.218.28,eu-west-1,True,False,False,True,True,Success
log-3992eff4,user-96f1c4,res-e662594bf9,GetObject,2026-03-04T15:01:58Z,33.4.233.196,eu-west-1,False,False,False,False,True,Success
log-5f0cc837,user-b1f862,res-def54f3457,ShareSnapshot,2026-03-06T15:01:58Z,192.59.61.225,ap-southeast-1,False,False,False,False,True,Success
log-a36102da,user-1344f3,res-def54f3457,PutBucketPolicy,2026-03-05T15:01:58Z,200.31.4.114,us-east-1,False,False,False,False,True,Success
log-684ff160,user-d8dfeb,res-c73378f9a0,TerminateInstance,2026-03-13T15:01:58Z,173.148.250.56,us-east-1,True,False,False,True,True,Success
log-424144ce,user-3a9168,res-af43cab0b1,PutBucketPolicy,2026-03-07T15:01:58Z,159.218.61.174,eastus,False,True,False,True,True,Success
log-df8982ba,user-3fea88,res-5b767a6834,AssumeRole,2026-02-25T15:01:58Z,117.208.151.11,eastus,False,False,True,True,True,Success
log-d0ac187f,user-fecc59,res-ff00e9db79,ModifySecurityGroup,2026-03-21T15:01:58Z,94.77.82.240,ap-southeast-1,True,False,False,True,False,Denied
log-cd2f1544,user-8203f0,res-30406bb8b5,CreateSnapshot,2026-03-10T15:01:58Z,160.102.93.33,us-east-1,False,False,False,False,True,Success
log-9ba68a99,user-c70c7e,res-e4c83244b4,CreateSnapshot,2026-03-21T15:01:58Z,178.145.244.172,eu-west-1,False,True,False,True,True,Success
log-e546b987,user-bf9019,res-55ed5b54c0,ShareSnapshot,2026-03-01T15:01:58Z,233.168.19.191,us-east-1,False,False,False,False,True,Success
log-b3e25a8b,user-96f1c4,res-07bfab7864,CreateUser,2026-03-21T15:01:58Z,35.205.178.144,eu-west-1,True,False,True,True,True,Success
log-6e66b5c5,user-b43e56,res-5534d73b23,DetachRolePolicy,2026-03-07T15:01:58Z,53.112.163.74,eu-west-1,False,False,False,False,True,Denied
log-1c2ab3e0,user-3fea88,res-eaffa50f7d,PutObject,2026-03-12T15:01:58Z,146.46.129.99,eu-west-1,False,False,False,False,False,Success
log-1927602f,user-b43e56,res-11af606e21,PutBucketPolicy,2026-03-09T15:01:58Z,62.79.11.225,eu-west-1,False,False,False,False,True,Denied
log-bf8a4b33,user-4e7d39,res-af43cab0b1,DeleteObject,2026-02-23T15:01:58Z,94.74.72.80,eastus,False,False,False,False,True,Success
log-6084f474,user-054659,res-0a11fadf35,DeleteObject,2026-02-26T15:01:58Z,75.1.20.208,us-east-1,False,False,False,False,True,Success
log-2cc167f4,user-7ecee6,res-9ecc8c3895,GetObject,2026-03-04T15:01:58Z,23.155.193.203,us-east-1,False,False,False,False,True,Success
log-2cc9a579,user-50a2af,res-d7576858e1,AssumeRole,2026-03-13T15:01:58Z,127.58.205.245,eu-west-1,False,False,True,True,False,Denied
log-e362eb3d,user-b75736,res-a22dd5d9bb,DescribeInstances,2026-03-14T15:01:58Z,217.111.195.154,eu-west-1,False,False,False,False,False,Success
log-e9a676c1,user-ab0c8f,res-245355a4b4,CreateSnapshot,2026-03-20T15:01:58Z,211.120.33.142,eastus,False,True,False,True,True,Success
log-eb4c0dba,user-5548f9,res-f0555b5067,TerminateInstance,2026-02-23T15:01:58Z,45.118.171.179,ap-southeast-1,False,False,False,False,True,Success
log-eb211b2d,user-3fea88,res-690b602680,DeleteObject,2026-03-02T15:01:58Z,190.117.25.237,ap-southeast-1,False,True,False,True,False,Success
log-8e9b10ae,user-855998,res-39252dca50,PutObject,2026-03-14T15:01:58Z,137.12.42.36,eu-west-1,False,False,False,False,True,Success
log-4320789d,user-e5ac1e,res-86cf2d1dc4,TerminateInstance,2026-02-22T15:01:58Z,118.131.234.217,us-east-1,False,False,False,False,False,Denied
log-b165f8a0,user-c70c7e,res-731183adf0,TerminateInstance,2026-02-22T15:01:58Z,90.108.125.3,eastus,True,True,False,True,True,Success
log-4afeed28,user-b159ab,res-f3d89cf04e,AttachRolePolicy,2026-03-12T15:01:58Z,150.63.157.36,eastus,True,True,True,True,True,Success
log-8eac0541,user-855998,res-57982ba25d,TerminateInstance,2026-03-10T15:01:58Z,187.53.207.208,eastus,False,True,False,True,True,Success
log-6fba9f05,user-1c40ab,res-442b0224f8,DeleteUser,2026-03-06T15:01:58Z,33.110.209.238,eu-west-1,False,False,False,False,True,Success
log-cf4cf024,user-7ecee6,res-1711ed7197,AssumeRole,2026-03-21T15:01:58Z,102.82.235.237,eastus,True,False,True,True,True,Success
log-58f12257,user-855998,res-72e9889713,CreateUser,2026-03-07T15:01:58Z,132.5.99.115,eastus,False,False,True,True,True,Success
log-09715fed,user-96f1c4,res-e6364f31a7,DeleteObject,2026-03-16T15:01:58Z,155.0.237.75,eu-west-1,False,False,False,False,False,Success
log-6432dc5d,user-1c40ab,res-ed6954835e,AssumeRole,2026-03-11T15:01:58Z,120.77.222.83,eastus,False,False,True,True,True,Success
log-aa5eb826,user-96f1c4,res-e662594bf9,AttachRolePolicy,2026-03-10T15:01:58Z,82.15.37.236,ap-southeast-1,True,False,True,True,True,Success
log-9492b129,user-054659,res-ff00e9db79,CreateUser,2026-03-11T15:01:58Z,49.35.71.152,ap-southeast-1,False,False,True,True,False,Success
log-afb5b625,user-e5ac1e,res-1424bada8a,AttachRolePolicy,2026-03-07T15:01:58Z,216.157.219.11,us-east-1,True,False,True,True,False,Success
log-4d2715be,user-ab0c8f,res-2ba0bbb241,CreateSnapshot,2026-03-02T15:01:58Z,153.92.228.144,eastus,True,False,False,True,True,Success
log-afaad76b,user-ab0c8f,res-c620ff8504,DescribeInstances,2026-03-01T15:01:58Z,151.100.9.32,us-east-1,True,False,False,True,False,Success
log-11c8afcc,user-877ecd,res-60f0ed8701,PutObject,2026-03-01T15:01:58Z,161.18.252.71,eu-west-1,False,False,False,False,True,Denied
log-d5f94103,user-8203f0,res-e5c631d620,PutBucketPolicy,2026-03-02T15:01:58Z,47.82.116.218,eu-west-1,False,False,False,False,True,Success
log-47eb41d6,user-1c40ab,res-fde42aa41f,AttachRolePolicy,2026-03-21T15:01:58Z,11.6.255.164,eu-west-1,False,False,True,True,True,Success
log-92da1f9e,user-2d1347,res-e2ffad8b74,CreateUser,2026-03-01T15:01:58Z,67.231.186.62,eastus,False,False,True,True,False,Success
log-0936c937,user-fecc59,res-7c8e5757c5,CreateSnapshot,2026-02-24T15:01:58Z,201.47.141.79,eastus,False,False,False,False,False,Denied
log-993c3a00,user-b161d2,res-7f522b8ab8,PutBucketPolicy,2026-02-25T15:01:58Z,185.194.252.202,eu-west-1,False,False,False,False,True,Success
log-33e4bb1c,user-b161d2,res-79697580cc,ModifySecurityGroup,2026-03-11T15:01:58Z,98.219.214.91,eu-west-1,True,True,False,True,True,Denied
log-52c52078,user-262808,res-ef8c4f9e31,ShareSnapshot,2026-03-12T15:01:58Z,59.180.219.162,eu-west-1,False,False,False,False,False,Success
log-bec15bc8,user-73a75c,res-5b767a6834,CreateUser,2026-02-23T15:01:58Z,62.78.15.221,eastus,False,False,True,True,True,Success
log-ef55d51a,user-a059aa,res-442b0224f8,DetachRolePolicy,2026-03-12T15:01:58Z,227.209.111.169,ap-southeast-1,False,False,False,False,True,Denied
log-59b13cad,user-1344f3,res-72e9889713,DetachRolePolicy,2026-02-27T15:01:58Z,9.182.12.196,ap-southeast-1,False,False,False,False,True,Success
log-f147bbbe,user-1344f3,res-e6c78dd1d4,DetachRolePolicy,2026-03-16T15:01:58Z,119.84.4.14,eastus,False,False,False,False,True,Success
log-4fcdeb6e,user-8c9db0,res-d34d65828e,ShareSnapshot,2026-03-15T15:01:58Z,120.228.116.235,eastus,False,True,False,True,False,Success
log-526a75a7,user-72a049,res-8f0fc6c23c,ModifySecurityGroup,2026-03-01T15:01:58Z,249.2.123.144,us-east-1,False,False,False,False,True,Success
log-33a3c0d3,user-50a2af,res-86cf2d1dc4,PutObject,2026-03-10T15:01:58Z,177.2.153.88,us-east-1,True,False,False,True,True,Denied
log-1eee3628,user-1c40ab,res-f0555b5067,DescribeInstances,2026-03-11T15:01:58Z,36.237.135.198,eu-west-1,False,False,False,False,False,Success
log-f75eea30,user-3fea88,res-c9776b438f,AssumeRole,2026-03-15T15:01:58Z,186.51.57.37,eu-west-1,True,False,True,True,True,Success
log-d51b4c6f,user-2d1347,res-0693881731,CreateUser,2026-03-10T15:01:58Z,210.135.76.142,eastus,True,False,True,True,False,Success
log-72561a52,user-b1f862,res-1711ed7197,AssumeRole,2026-03-18T15:01:58Z,94.253.114.136,eu-west-1,False,True,True,True,True,Success
log-47ebdc69,user-b161d2,res-ba7aa52644,AssumeRole,2026-02-19T15:01:58Z,194.220.20.205,us-east-1,True,False,True,True,True,Success
log-d276db96,user-e5ac1e,res-b9d562a6bb,PutBucketPolicy,2026-02-21T15:01:58Z,92.160.112.177,eastus,False,False,False,False,True,Denied
log-b34881e3,user-855998,res-ed6954835e,DeleteUser,2026-03-16T15:01:58Z,107.233.102.64,eastus,False,False,False,False,True,Success
log-51193eba,user-96f1c4,res-8e93953ee6,TerminateInstance,2026-03-19T15:01:58Z,122.191.216.185,eu-west-1,False,False,False,False,False,Success
log-d46c9ca3,user-1c40ab,res-e2ffad8b74,ShareSnapshot,2026-03-08T15:01:58Z,135.60.226.101,eu-west-1,True,False,False,True,True,Success
log-837079e1,user-ab0c8f,res-39252dca50,DetachRolePolicy,2026-03-14T15:01:58Z,111.123.10.203,eu-west-1,True,False,False,True,False,Success
log-d974ca58,user-e5ac1e,res-5b767a6834,CreateSnapshot,2026-03-06T15:01:58Z,9.168.73.235,eu-west-1,True,False,False,True,False,Success
log-a6bf56a4,user-855998,res-fb7a203f55,DescribeInstances,2026-02-28T15:01:58Z,244.110.143.201,eu-west-1,True,False,False,True,False,Success
log-0ab8e081,user-50a2af,res-9750ddd10a,GetObject,2026-03-12T15:01:58Z,240.46.149.167,eu-west-1,False,False,False,False,True,Success
log-fd261d26,user-96f1c4,res-3bc1ba6fb8,CreateUser,2026-03-12T15:01:58Z,174.74.89.202,eu-west-1,False,True,True,True,True,Success
log-3db91e69,user-4e7d39,res-9b460311aa,ShareSnapshot,2026-03-10T15:01:58Z,48.32.56.184,ap-southeast-1,False,False,False,False,True,Success
log-cc46f780,user-fecc59,res-c620ff8504,ModifySecurityGroup,2026-03-15T15:01:58Z,182.103.153.64,eastus,True,False,False,True,False,Success
log-2eca81e4,user-b43e56,res-957f15962b,GetObject,2026-02-28T15:01:58Z,171.247.247.31,us-east-1,False,False,False,False,True,Success
log-3eb05ff9,user-7ecee6,res-deeec03b65,PutObject,2026-02-19T15:01:58Z,155.64.199.232,ap-southeast-1,False,False,False,False,False,Denied
log-5be47593,user-73a75c,res-a6fbe0b91f,AttachRolePolicy,2026-03-18T15:01:58Z,158.42.27.188,eastus,False,False,True,True,True,Success
log-33485dfe,user-b1f862,res-f93518575b,DetachRolePolicy,2026-03-04T15:01:58Z,231.38.164.114,eu-west-1,False,False,False,False,True,Success
log-a1919b77,user-4e7d39,res-8a970b9de2,ShareSnapshot,2026-03-21T15:01:58Z,132.231.249.1,eastus,False,False,False,False,True,Success
log-e1beee1f,user-3fea88,res-62c866fec8,DetachRolePolicy,2026-02-23T15:01:58Z,222.100.28.66,ap-southeast-1,True,True,False,True,True,Success
log-93f6c75e,user-b1f862,res-2ba0bbb241,DeleteObject,2026-02-25T15:01:58Z,207.124.253.143,us-east-1,False,False,False,False,False,Success
log-73808c4d,user-fecc59,res-65d77cef41,AssumeRole,2026-02-21T15:01:58Z,81.204.231.195,eastus,True,False,True,True,True,Success
log-fb80a6ed,user-ab0c8f,res-a5a1c789e4,GetObject,2026-03-02T15:01:58Z,70.208.235.174,ap-southeast-1,True,False,False,True,True,Success
log-af1e4337,user-b75736,res-a22dd5d9bb,DeleteObject,2026-03-14T15:01:58Z,25.22.38.228,eu-west-1,False,False,False,False,False,Success
log-7c1e435e,user-b159ab,res-e2ffad8b74,PutObject,2026-03-20T15:01:58Z,63.143.192.16,us-east-1,False,False,False,False,True,Success
log-71d19574,user-a059aa,res-f93518575b,DescribeInstances,2026-03-04T15:01:58Z,93.120.88.9,eu-west-1,False,False,False,False,True,Success
log-22f88c5f,user-8c9db0,res-3c7e62cf2b,CreateUser,2026-03-05T15:01:58Z,164.210.113.107,us-east-1,True,False,True,True,True,Success
log-3c00810d,user-7ecee6,res-30406bb8b5,PutObject,2026-03-01T15:01:58Z,63.194.6.120,ap-southeast-1,False,False,False,False,True,Success
log-8da54adb,user-b1f862,res-2944eb9249,GetObject,2026-03-21T15:01:58Z,66.51.25.248,eastus,False,False,False,False,False,Success
log-9e0a78e5,user-855998,res-8c86a8ee26,ModifySecurityGroup,2026-03-04T15:01:58Z,8.164.53.47,eu-west-1,False,False,False,False,True,Success
log-3a417b35,user-e5ac1e,res-001d03101b,PutObject,2026-02-21T15:01:58Z,160.135.155.93,ap-southeast-1,False,False,False,False,False,Success
log-6833e45b,user-4e7d39,res-9ecc8c3895,DetachRolePolicy,2026-03-09T15:01:58Z,211.58.95.117,eastus,False,False,False,False,True,Success
log-29471b04,user-b159ab,res-57982ba25d,PutBucketPolicy,2026-02-24T15:01:58Z,173.212.72.217,eastus,True,False,False,True,True,Success
log-64691452,user-1c40ab,res-ed6954835e,CreateSnapshot,2026-03-09T15:01:58Z,113.112.12.96,ap-southeast-1,False,False,False,False,True,Success
log-dbe6b67f,user-73a75c,res-597bf029d3,TerminateInstance,2026-02-22T15:01:58Z,74.23.84.187,eu-west-1,False,False,False,False,True,Success
log-299de204,user-b75736,res-c9776b438f,ModifySecurityGroup,2026-02-28T15:01:58Z,78.152.200.227,eastus,False,False,False,False,True,Success
log-f006ea12,user-1344f3,res-ba08980b6f,GetObject,2026-03-12T15:01:58Z,207.234.213.200,us-east-1,False,False,False,False,True,Success
log-89f44620,user-7ecee6,res-4422b36199,AssumeRole,2026-03-16T15:01:58Z,29.203.215.54,eastus,False,False,True,True,True,Success
log-bff66b13,user-2d1347,res-37420626e5,AssumeRole,2026-03-09T15:01:58Z,100.247.11.56,eastus,False,False,True,True,True,Success
log-ad841f53,user-c70c7e,res-8e7a52848a,GetObject,2026-03-13T15:01:58Z,175.116.205.187,eu-west-1,False,False,False,False,True,Success
log-fe2da38d,user-b161d2,res-91679fc6a0,DeleteObject,2026-02-26T15:01:58Z,181.58.85.124,us-east-1,True,False,False,True,True,Success
log-fa70cbb3,user-2d1347,res-9bf6ab9fd1,GetObject,2026-02-20T15:01:58Z,191.74.48.21,eastus,False,True,False,True,True,Success
log-b45ed089,user-2d1347,res-b9d562a6bb,PutObject,2026-03-05T15:01:58Z,138.58.228.179,eastus,False,True,False,True,True,Success
log-13c44d6b,user-4e7d39,res-3a9d556215,PutBucketPolicy,2026-03-07T15:01:58Z,203.129.244.229,ap-southeast-1,False,False,False,False,True,Success
log-c6371fa3,user-3fea88,res-245355a4b4,AssumeRole,2026-03-16T15:01:58Z,32.56.142.140,eastus,True,False,True,True,False,Denied
log-2962029c,user-b161d2,res-b25d06f105,CreateSnapshot,2026-03-18T15:01:58Z,170.52.4.111,us-east-1,False,False,False,False,True,Success
log-1e302167,user-7ecee6,res-4648429bd3,AssumeRole,2026-03-08T15:01:58Z,105.102.48.44,eastus,False,True,True,True,False,Success
log-7d4a1d87,user-b161d2,res-092eb9085f,TerminateInstance,2026-03-16T15:01:58Z,107.52.214.153,ap-southeast-1,True,False,False,True,True,Success
log-6fcbbcc7,user-b43e56,res-6d53c9bed0,AttachRolePolicy,2026-03-19T15:01:58Z,229.108.27.101,eu-west-1,True,False,True,True,True,Success
log-e6a4d09e,user-73a75c,res-427a6265ad,TerminateInstance,2026-03-21T15:01:58Z,254.252.178.49,eu-west-1,False,True,False,True,True,Success
log-f8c2b317,user-b75736,res-c0e340b3e4,CreateUser,2026-02-20T15:01:58Z,62.39.240.158,ap-southeast-1,True,False,True,True,True,Success
log-e2f374f5,user-3a9168,res-2944eb9249,ModifySecurityGroup,2026-02-27T15:01:58Z,63.243.83.154,ap-southeast-1,False,False,False,False,False,Success
log-5034f4b9,user-8c9db0,res-3a9d556215,AttachRolePolicy,2026-03-14T15:01:58Z,232.120.63.40,eastus,False,False,True,True,False,Denied
log-1e4ba8a4,user-73a75c,res-d34d65828e,PutBucketPolicy,2026-03-17T15:01:58Z,199.175.54.113,ap-southeast-1,True,False,False,True,True,Success
log-2c13403b,user-1344f3,res-eaffa50f7d,AssumeRole,2026-03-04T15:01:58Z,216.130.252.223,eastus,True,False,True,True,False,Denied
log-aea91b6f,user-1c40ab,res-4648429bd3,DeleteObject,2026-02-27T15:01:58Z,10.62.202.60,ap-southeast-1,False,False,False,False,True,Success
log-6adba110,user-73a75c,res-a22dd5d9bb,ShareSnapshot,2026-03-04T15:01:58Z,25.160.199.56,us-east-1,False,False,False,False,True,Success
log-21e36460,user-8c9db0,res-e504f66772,DetachRolePolicy,2026-03-09T15:01:58Z,87.23.219.179,ap-southeast-1,False,False,False,False,True,Success
log-4debe804,user-50a2af,res-054f04e722,DeleteObject,2026-03-01T15:01:58Z,9.90.55.118,eastus,False,False,False,False,True,Denied
log-4c0874fa,user-bf9019,res-8e3baf2888,ShareSnapshot,2026-02-20T15:01:58Z,131.32.34.225,eu-west-1,True,False,False,True,True,Success
log-dac6dae4,user-73a75c,res-9566dad579,DeleteUser,2026-03-21T15:01:58Z,31.245.115.181,ap-southeast-1,False,False,False,False,False,Success
log-d89f5735,user-b1f862,res-6862a3516a,DeleteObject,2026-03-01T15:01:58Z,189.138.48.177,eu-west-1,True,False,False,True,False,Success
log-23dc481e,user-7ecee6,res-3bc1ba6fb8,DeleteObject,2026-02-26T15:01:58Z,79.7.48.229,us-east-1,False,False,False,False,True,Success
log-f0a117b5,user-2d1347,res-137824f6dd,ModifySecurityGroup,2026-02-25T15:01:58Z,70.79.15.41,ap-southeast-1,False,False,False,False,True,Success
log-99c86647,user-b161d2,res-2ba0bbb241,CreateSnapshot,2026-03-02T15:01:58Z,90.46.60.172,eastus,False,False,False,False,True,Denied
log-8d6b15fa,user-855998,res-f1fd88bede,GetObject,2026-03-02T15:01:58Z,80.253.179.50,us-east-1,False,False,False,False,False,Success
log-13230fb8,user-bf9019,res-f0555b5067,TerminateInstance,2026-03-01T15:01:58Z,84.47.28.131,eu-west-1,True,False,False,True,True,Success
log-c5dc9e0f,user-054659,res-ff00e9db79,PutObject,2026-03-21T15:01:58Z,99.163.136.47,eu-west-1,False,False,False,False,True,Denied
log-451a9926,user-c70c7e,res-b9d562a6bb,CreateUser,2026-02-27T15:01:58Z,170.216.88.199,eu-west-1,False,False,True,True,True,Success
log-c774f095,user-50a2af,res-f07d786b44,PutObject,2026-03-03T15:01:58Z,17.98.8.214,eu-west-1,False,True,False,True,False,Success
log-246f476b,user-2d1347,res-d3238bee1f,PutBucketPolicy,2026-02-22T15:01:58Z,97.217.90.132,eu-west-1,True,False,False,True,True,Success
log-e870630d,user-5548f9,res-d22cf6398a,PutBucketPolicy,2026-03-05T15:01:58Z,244.121.131.54,eastus,False,False,False,False,True,Denied
log-4da882fc,user-1344f3,res-3f29e3e5e1,CreateUser,2026-03-08T15:01:58Z,10.222.185.208,ap-southeast-1,False,False,True,True,True,Success
log-25285dfd,user-50a2af,res-705884010b,CreateUser,2026-02-19T15:01:58Z,142.168.175.6,eastus,False,False,True,True,True,Success
log-9fba07b4,user-96f1c4,res-0d6a0ef68f,DetachRolePolicy,2026-02-22T15:01:58Z,195.191.139.226,eastus,False,False,False,False,False,Denied
log-26cadb93,user-c70c7e,res-e3a59908fe,CreateUser,2026-02-24T15:01:58Z,109.145.167.54,ap-southeast-1,False,False,True,True,True,Success
log-fdcd3bbe,user-4e7d39,res-eca998468c,AssumeRole,2026-03-20T15:01:58Z,206.103.2.10,ap-southeast-1,False,False,True,True,True,Success
log-ce00db81,user-b159ab,res-404c02bebc,ModifySecurityGroup,2026-03-12T15:01:58Z,166.205.193.133,eastus,True,False,False,True,True,Success
log-d86fcdca,user-3fea88,res-1fdbfd3128,ModifySecurityGroup,2026-03-07T15:01:58Z,28.234.11.224,eastus,True,False,False,True,True,Success
log-dccc5124,user-2d1347,res-e4c83244b4,DeleteUser,2026-02-20T15:01:58Z,247.110.133.204,eastus,True,True,False,True,True,Success
log-0598d2eb,user-96f1c4,res-2f7e96c024,CreateUser,2026-03-08T15:01:58Z,168.173.39.139,eastus,True,False,True,True,False,Success
log-9200fabe,user-8203f0,res-bc43a43632,PutBucketPolicy,2026-03-12T15:01:58Z,186.92.104.73,eu-west-1,False,False,False,False,False,Success
log-4f64d793,user-054659,res-65d77cef41,CreateUser,2026-03-03T15:01:58Z,227.142.165.195,us-east-1,False,False,True,True,True,Success
log-f4f9563e,user-855998,res-bf77187a25,DetachRolePolicy,2026-02-24T15:01:58Z,80.23.69.212,ap-southeast-1,False,False,False,False,False,Success
log-871855a0,user-855998,res-731183adf0,DeleteUser,2026-02-23T15:01:58Z,43.169.228.32,ap-southeast-1,False,False,False,False,False,Success
log-efb8dbab,user-bf9019,res-245355a4b4,TerminateInstance,2026-02-28T15:01:58Z,224.251.219.191,eu-west-1,False,False,False,False,False,Denied
log-db885c55,user-fecc59,res-35fb085a1f,ShareSnapshot,2026-03-19T15:01:58Z,194.127.147.147,eu-west-1,False,False,False,False,False,Success
log-49efff5e,user-50a2af,res-eb7b954b40,PutBucketPolicy,2026-03-09T15:01:58Z,90.113.9.185,us-east-1,False,False,False,False,True,Success
